id,first_name,last_name,email,gender,ip_address,last_update_date
1,Grissel,Weitzel,gweitzel0@digg.com,Female,133.62.106.59,2019-06-07
2,Valencia,Hardison,vhardison1@timesonline.co.uk,Female,131.175.16.67,2019-09-03
3,Brien,McAnalley,bmcanalley2@posterous.com,Male,73.178.2.18,2019-01-08
4,Domingo,Iacobetto,diacobetto3@globo.com,Male,139.82.64.232,2019-01-21
5,Melesa,Laweles,mlaweles4@umn.edu,Female,177.140.114.127,2019-04-19
6,Laurie,Killelea,lkillelea5@123-reg.co.uk,Female,178.236.200.96,2019-09-20
7,Christos,Gilmartin,cgilmartin6@elegantthemes.com,Male,41.15.133.101,2019-01-21
8,Sibelle,Draye,sdraye7@cam.ac.uk,Female,96.247.12.142,2019-07-14
9,Paige,Laffling,plaffling8@fema.gov,Female,75.175.151.187,2019-09-21
10,Elke,Studman,estudman9@quantcast.com,Female,8.196.151.126,2019-03-11
11,Barrett,Gofford,bgofforda@zdnet.com,Male,86.206.142.28,2019-01-01
12,Baldwin,Goodbourn,bgoodbournb@opera.com,Male,221.105.118.55,2019-05-29
13,Selle,Dulake,sdulakec@nytimes.com,Female,15.9.153.154,2019-02-12
14,Franklyn,Sevin,fsevind@tiny.cc,Male,142.250.170.150,2019-04-19
15,Jeffie,Regenhardt,jregenhardte@upenn.edu,Male,228.85.209.11,2019-05-03
16,Amalita,Appleton,aappletonf@mtv.com,Female,18.211.113.254,2019-03-13
17,Chalmers,Rushe,crusheg@woothemes.com,Male,96.46.180.120,2019-05-07
18,Kile,Bruneton,kbrunetonh@1688.com,Male,247.100.174.34,2019-06-08
19,Vanna,McAtamney,vmcatamneyi@bbb.org,Female,111.94.14.108,2019-07-02
20,Emlyn,Begin,ebeginj@patch.com,Male,225.246.41.192,2019-09-16
21,Selig,McMychem,smcmychemk@weebly.com,Male,72.248.219.159,2019-03-04
22,Chloris,Sargison,csargisonl@mit.edu,Female,87.132.245.233,2019-04-30
23,Vance,Riply,vriplym@topsy.com,Male,142.210.248.95,2019-03-25
24,Bettina,Tumilty,btumiltyn@blog.com,Female,230.142.154.13,2019-03-03
25,Sim,Jubert,sjuberto@cnbc.com,Male,38.144.74.180,2019-03-12
26,Susann,Prestney,sprestneyp@jimdo.com,Female,234.245.182.125,2019-02-09
27,Jemimah,Fenning,jfenningq@unblog.fr,Female,129.146.85.139,2019-02-18
28,Marsiella,Jossum,mjossumr@boston.com,Female,213.48.174.197,2019-04-05
29,Kiele,Glasheen,kglasheens@homestead.com,Female,142.18.153.39,2019-03-14
30,Jamill,Athy,jathyt@reference.com,Male,239.53.75.148,2019-04-07
31,Willabella,Reuben,wreubenu@quantcast.com,Female,224.57.209.126,2019-03-13
32,Lilia,Parsand,lparsandv@amazon.com,Female,130.182.113.172,2019-09-05
33,Ted,Attrill,tattrillw@sogou.com,Male,53.10.53.108,2019-06-15
34,Davita,Anderer,dandererx@oakley.com,Female,92.44.145.248,2019-05-23
35,Olag,McFall,omcfally@bandcamp.com,Male,114.27.104.71,2019-08-01
36,Thorn,Crosi,tcrosiz@soup.io,Male,211.217.169.17,2019-02-06
37,Romeo,Sappell,rsappell10@mysql.com,Male,244.193.170.108,2019-02-27
38,Jeannette,Gonzalvo,jgonzalvo11@issuu.com,Female,238.87.198.162,2019-07-09
39,Ivette,Fearnall,ifearnall12@123-reg.co.uk,Female,120.94.69.180,2019-07-27
40,Jeffry,Gaskal,jgaskal13@infoseek.co.jp,Male,144.91.144.153,2019-05-27
41,Cletis,Aleveque,caleveque14@google.it,Male,1.128.249.202,2019-09-08
42,Diann,Verillo,dverillo15@google.co.jp,Female,110.156.6.29,2019-05-12
43,Tessie,Apfler,tapfler16@nifty.com,Female,130.197.164.169,2019-08-22
44,Clarinda,Westgarth,cwestgarth17@bloglines.com,Female,86.222.38.177,2019-09-26
45,Helaine,Roarty,hroarty18@gov.uk,Female,171.88.48.246,2019-02-20
46,Codee,Everson,ceverson19@1und1.de,Female,155.246.70.250,2019-01-03
47,Alfi,Spykings,aspykings1a@google.com,Female,13.22.198.220,2019-01-18
48,Candide,Bagster,cbagster1b@wikispaces.com,Female,190.224.38.164,2019-01-21
49,Reed,Klejin,rklejin1c@smh.com.au,Male,243.26.47.174,2019-08-15
50,Diane,Williams,dwilliams1d@wordpress.org,Female,223.210.132.121,2019-03-26
51,Valera,Lockitt,vlockitt1e@boston.com,Female,10.155.207.253,2019-05-27
52,Miller,Burtwistle,mburtwistle1f@usda.gov,Male,135.224.221.174,2019-02-27
53,Nesta,Donisi,ndonisi1g@cnbc.com,Female,1.244.117.31,2019-09-13
54,Keven,Websdale,kwebsdale1h@utexas.edu,Male,99.125.140.196,2019-06-13
55,Blair,East,beast1i@e-recht24.de,Female,119.33.74.148,2019-05-19
56,Shelden,Dicty,sdicty1j@google.de,Male,67.22.98.173,2019-09-01
57,Jeramey,Dawidowitsch,jdawidowitsch1k@naver.com,Male,237.195.20.34,2019-06-14
58,Holli,Burman,hburman1l@ucsd.edu,Female,108.18.130.48,2019-09-12
59,Ninette,Schuh,nschuh1m@pcworld.com,Female,205.212.142.94,2019-01-06
60,Tanya,Zambonini,tzambonini1n@shinystat.com,Female,198.169.51.84,2019-05-27
61,Noah,Willmott,nwillmott1o@yelp.com,Male,106.83.16.176,2019-06-18
62,Audi,Scarlon,ascarlon1p@wikispaces.com,Female,40.120.37.62,2019-02-23
63,Ignacius,Marzellano,imarzellano1q@webeden.co.uk,Male,116.204.139.40,2019-08-10
64,Berte,Lambden,blambden1r@g.co,Female,223.27.186.22,2019-04-17
65,Shaun,Akast,sakast1s@joomla.org,Male,196.139.81.1,2019-04-26
66,Jessie,Kirwood,jkirwood1t@smh.com.au,Male,199.87.205.103,2019-02-26
67,Wilma,Gurnett,wgurnett1u@businessinsider.com,Female,155.8.10.52,2019-09-11
68,Isabella,Liddall,iliddall1v@usatoday.com,Female,185.224.44.70,2019-01-10
69,Alejandra,Aucott,aaucott1w@surveymonkey.com,Female,124.164.103.232,2019-03-08
70,Frayda,Ovett,fovett1x@nymag.com,Female,91.84.114.183,2019-09-03
71,Francisca,Utridge,futridge1y@time.com,Female,130.24.170.140,2019-09-08
72,Christian,Mountney,cmountney1z@free.fr,Female,108.133.65.25,2019-04-24
73,Stephenie,Bacchus,sbacchus20@fda.gov,Female,68.246.136.35,2019-07-13
74,Ronni,Terron,rterron21@indiatimes.com,Female,149.107.147.76,2019-02-14
75,Marieann,Horder,mhorder22@rediff.com,Female,160.144.59.154,2019-03-19
76,Cyrill,Pitts,cpitts23@reference.com,Male,18.201.149.231,2019-06-10
77,Abel,Jump,ajump24@cargocollective.com,Male,82.242.163.28,2019-09-22
78,Micheal,Thoms,mthoms25@ning.com,Male,19.21.92.239,2019-09-13
79,Rochester,Rosentholer,rrosentholer26@blogs.com,Male,57.28.95.238,2019-08-19
80,Merrick,Reeken,mreeken27@posterous.com,Male,174.237.67.19,2019-08-01
81,Nicol,Giffkins,ngiffkins28@alibaba.com,Female,44.233.15.130,2019-07-20
82,Kaile,Chown,kchown29@jugem.jp,Female,116.138.112.129,2019-06-15
83,Saxe,Crawforth,scrawforth2a@smugmug.com,Male,216.41.234.157,2019-08-26
84,Ogdon,Barlace,obarlace2b@netvibes.com,Male,253.54.139.193,2019-09-07
85,Carmelina,Guile,cguile2c@facebook.com,Female,145.200.32.200,2019-03-09
86,Michel,Bramo,mbramo2d@bloglines.com,Female,86.28.95.140,2019-07-20
87,Norbie,Elcombe,nelcombe2e@ucoz.ru,Male,46.98.228.50,2019-06-14
88,Elwood,Brodest,ebrodest2f@theglobeandmail.com,Male,148.195.22.70,2019-02-16
89,Bella,MacBey,bmacbey2g@ihg.com,Female,174.247.97.219,2019-07-16
90,Sumner,Flipek,sflipek2h@fda.gov,Male,195.35.149.117,2019-09-04
91,Raddy,Ossulton,rossulton2i@macromedia.com,Male,99.9.208.44,2019-09-03
92,Annelise,Mathelin,amathelin2j@businessinsider.com,Female,79.106.188.192,2019-01-06
93,Scottie,Bosman,sbosman2k@google.nl,Male,30.173.188.70,2019-01-31
94,Percy,Alfonsini,palfonsini2l@uiuc.edu,Male,220.202.179.77,2019-01-05
95,Candice,Milbourn,cmilbourn2m@thetimes.co.uk,Female,236.237.232.73,2019-04-06
96,Jania,Kiljan,jkiljan2n@sakura.ne.jp,Female,237.79.214.73,2019-08-25
97,Jarvis,Gerard,jgerard2o@de.vu,Male,7.93.252.75,2019-03-16
98,Nanni,Sugg,nsugg2p@gizmodo.com,Female,118.106.215.129,2019-02-28
99,Bartie,Patriskson,bpatriskson2q@pbs.org,Male,66.190.93.89,2019-03-06
100,Wain,Froschauer,wfroschauer2r@jiathis.com,Male,61.220.20.18,2019-05-23
